transactionslist,cnt
smartphone,68723
"smartphone,smartphone",15081
"smartphone,smartphone,smartphone",4797
tv,4474
vacuum,2566
washer,2484
"smartphone,smartphone,smartphone,smartphone",2034
clocks,1294
tablet,1282
headphone,1138
"smartphone,smartphone,smartphone,smartphone,smartphone",908
"tv,tv",668
"smartphone,smartphone,smartphone,smartphone,smartphone,smartphone",472
microwave,396
refrigerators,393
"washer,washer",361
"smartphone,smartphone,smartphone,smartphone,smartphone,smartphone,smartphone",311
"vacuum,vacuum",294
"tv,tv,tv",201
"smartphone,smartphone,smartphone,smartphone,smartphone,smartphone,smartphone,smartphone",183
"tablet,tablet",177
"clocks,clocks",170
monitor,168
"tv,smartphone",161
"headphone,headphone",144
"smartphone,tv",140
"smartphone,smartphone,smartphone,smartphone,smartphone,smartphone,smartphone,smartphone,smartphone,smartphone",128
"smartphone,headphone",127
"washer,washer,washer",93
"smartphone,clocks",84
printer,83
"smartphone,smartphone,smartphone,smartphone,smartphone,smartphone,smartphone,smartphone,smartphone",82
"washer,smartphone",81
"smartphone,tablet",70
"smartphone,smartphone,smartphone,smartphone,smartphone,smartphone,smartphone,smartphone,smartphone,smartphone,smartphone",68
"smartphone,vacuum",67
"smartphone,smartphone,headphone",59
"refrigerators,refrigerators",58
"clocks,clocks,clocks",58
"tv,tv,tv,tv",55
"notebook,smartphone",54
"smartphone,washer",53
"tablet,tablet,tablet",52
"smartphone,smartphone,smartphone,smartphone,smartphone,smartphone,smartphone,smartphone,smartphone,smartphone,smartphone,smartphone",51
"smartphone,telephone",50
"clocks,clocks,clocks,clocks,clocks,clocks,clocks,clocks,clocks,clocks,smartphone,smartphone,clocks,clocks,clocks,clocks,clocks,clocks,clocks,clocks,clocks,clocks,clocks,clocks,clocks,clocks,clocks,clocks,clocks,clocks,clocks,clocks,clocks,clocks,clocks,clocks,clocks,clocks,clocks,clocks,clocks,clocks,clocks,clocks,clocks,clocks,clocks,clocks",46
"tv,smartphone,smartphone",45
"microwave,microwave",44
"clocks,smartphone",43
"tablet,smartphone",42
"headphone,smartphone",39
"smartphone,smartphone,smartphone,smartphone,smartphone,smartphone,smartphone,smartphone,smartphone,smartphone,smartphone,smartphone,smartphone,smartphone",39
"washer,vacuum",35
"vacuum,vacuum,vacuum",35
"tv,washer",34
"smartphone,notebook",34
"clocks,clocks,clocks,clocks,clocks,clocks,clocks,clocks,clocks,clocks,clocks,clocks,clocks,clocks,clocks,clocks,clocks,clocks,clocks,clocks,clocks,clocks,clocks,clocks,clocks,clocks,clocks,clocks,clocks,smartphone,clocks,clocks,clocks,clocks",33
"smartphone,smartphone,smartphone,smartphone,smartphone,smartphone,smartphone,smartphone,smartphone,smartphone,smartphone,smartphone,smartphone,smartphone,smartphone,smartphone,smartphone,smartphone,smartphone,smartphone,smartphone,smartphone,smartphone,smartphone,smartphone,smartphone,smartphone,smartphone,smartphone,smartphone,smartphone",31
"headphone,headphone,headphone",31
hdd,31
"smartphone,smartphone,tv",30
"tv,tv,smartphone",30
"clocks,clocks,clocks,clocks,clocks,clocks,clocks,clocks,clocks,clocks,clocks,clocks,clocks,clocks,clocks",30
"vacuum,smartphone",29
"refrigerators,washer",28
"washer,washer,washer,washer,washer",27
"smartphone,refrigerators,refrigerators,smartphone,smartphone,notebook,smartphone,smartphone,notebook,smartphone,notebook,notebook,washer,smartphone,tv,smartphone,washer,smartphone,smartphone,washer,washer,washer,smartphone,smartphone,smartphone,vacuum,tv,smartphone,smartphone,smartphone,smartphone,smartphone,smartphone,smartphone,smartphone,smartphone,tv,smartphone,smartphone,smartphone,smartphone",26
"smartphone,smartphone,notebook",25
"clocks,clocks,clocks,clocks",24
"clocks,clocks,clocks,clocks,clocks,clocks,clocks,clocks",24
"clocks,clocks,clocks,clocks,clocks,clocks,clocks,clocks,clocks,clocks,clocks,clocks,clocks,clocks,clocks,clocks,clocks,clocks,clocks,clocks,clocks,clocks,clocks,clocks",24
"washer,washer,washer,washer",24
"smartphone,smartphone,telephone",24
air_conditioner,23
"smartphone,smartphone,clocks",23
hob,22
"clocks,clocks,clocks,clocks,clocks,clocks,clocks,clocks,clocks,clocks,clocks,clocks,clocks,clocks,clocks,clocks,clocks,clocks,clocks,clocks,clocks",21
hood,21
"smartphone,smartphone,smartphone,smartphone,smartphone,tv,smartphone,smartphone,smartphone,smartphone,smartphone,smartphone,smartphone,smartphone,smartphone,smartphone,smartphone,tv,smartphone,smartphone,smartphone,smartphone,smartphone",21
"smartphone,washer,washer,smartphone,notebook,smartphone,notebook,smartphone,notebook,notebook,smartphone,washer,smartphone,smartphone,smartphone,smartphone,notebook,smartphone,smartphone,smartphone,smartphone,smartphone,smartphone,tv,tv,smartphone,smartphone,smartphone,smartphone,smartphone",20
"tablet,tablet,tablet,tablet,tablet",20
"washer,tv",19
"smartphone,iron",19
"smartphone,smartphone,smartphone,tv",19
"smartphone,microwave",18
"washer,refrigerators",18
"tv,smartphone,smartphone,smartphone,smartphone",17
"headphone,headphone,headphone,headphone",17
"refrigerators,smartphone",16
"tv,refrigerators",16
"notebook,smartphone,smartphone",16
"smartphone,smartphone,smartphone,smartphone,smartphone,smartphone,smartphone,smartphone,smartphone,smartphone,smartphone,smartphone,smartphone",16
"monitor,monitor",15
"tv,vacuum",15
"smartphone,smartphone,smartphone,smartphone,smartphone,smartphone,smartphone,smartphone,smartphone,smartphone,smartphone,smartphone,smartphone,smartphone,smartphone",15
"refrigerators,refrigerators,refrigerators",15
"washer,tv,tv,tv,tv,tv,tv,tv,tv,tv,tv,tv,washer,tv,tv",15
"washer,smartphone,smartphone",15
"smartphone,smartphone,smartphone,headphone",15
"smartphone,tablet,tablet",14
"smartphone,headphone,headphone",14
oven,14
"smartphone,smartphone,smartphone,smartphone,smartphone,smartphone,smartphone,notebook,smartphone,smartphone,notebook,tablet,tablet,tablet,smartphone,smartphone,notebook,notebook,notebook,notebook,notebook",14
"smartphone,smartphone,tablet",14
"smartphone,refrigerators",13
"clocks,clocks,clocks,clocks,clocks,clocks,clocks,clocks,clocks,smartphone,clocks,clocks,clocks,clocks",13
"microwave,microwave,microwave",12
"hdd,hdd",12
"smartphone,clocks,smartphone",12
"vacuum,washer",12
"smartphone,headphone,smartphone",12
"smartphone,smartphone,smartphone,notebook",12
"headphone,smartphone,smartphone",12
"tablet,tablet,tablet,tablet",12
"tv,headphone",12
"smartphone,keds",12
"clocks,clocks,clocks,clocks,clocks",11
"smartphone,smartphone,clocks,smartphone",11
"smartphone,smartphone,smartphone,smartphone,smartphone,smartphone,smartphone,smartphone,smartphone,tablet,tablet,smartphone",11
"vacuum,iron",11
"headphone,clocks",11
"smartphone,smartphone,headphone,headphone",11
"smartphone,meat_grinder",11
"smartphone,tv,smartphone,smartphone,smartphone,smartphone",11
"smartphone,smartphone,smartphone,vacuum",11
"vacuum,smartphone,smartphone",11
"tv,tv,tv,tv,smartphone",11
"clocks,headphone",10
"microwave,tv",10
"tv,tv,tv,tv,tv",10
"smartphone,tv,tv,smartphone,smartphone,smartphone",10
"tv,smartphone,smartphone,smartphone",10
"smartphone,smartphone,smartphone,notebook,smartphone,smartphone,smartphone,smartphone,smartphone,smartphone,smartphone,notebook",10
"vacuum,microwave",10
"smartphone,player",10
acoustic,10
"washer,washer,smartphone",10
"clocks,clocks,smartphone",10
"subwoofer,smartphone",9
"tv,notebook",9
"clocks,clocks,clocks,clocks,clocks,clocks,clocks,clocks,clocks",9
"washer,washer,washer,smartphone,smartphone,smartphone",9
"notebook,smartphone,smartphone,smartphone",9
"smartphone,smartphone,washer",9
"microwave,vacuum",9
"smartphone,blender",9
dishwasher,9
"printer,printer",9
"notebook,notebook,smartphone",9
"smartphone,smartphone,smartphone,smartphone,tablet,tablet,smartphone,smartphone,smartphone",9
"smartphone,kettle",9
"refrigerators,vacuum",9
"smartphone,smartphone,smartphone,clocks",8
"smartphone,shoes",8
"smartphone,smartphone,headphone,smartphone",8
"smartphone,subwoofer",8
"microwave,smartphone",8
"monitor,monitor,monitor",8
"smartphone,clocks,clocks",8
"tablet,tablet,smartphone",8
"tv,tv,tv,tv,tv,tv,tv,tv,tv",8
"smartphone,smartphone,vacuum",8
"smartphone,smartphone,microwave",8
"smartphone,desktop",8
"washer,washer,washer,washer,washer,washer",8
"washer,water_heater",8
"smartphone,smartphone,smartphone,smartphone,headphone",8
"smartphone,smartphone,smartphone,smartphone,smartphone,smartphone,smartphone,smartphone,washer",8
"smartphone,washer,washer",8
"smartphone,smartphone,tv,tv,tv,smartphone,smartphone,tv,tv",8
"smartphone,air_heater",8
"vacuum,tv,tv,tv",8
"vacuum,tv",8
"printer,smartphone",7
"tv,microwave",7
"desktop,smartphone",7
"oven,oven",7
"smartphone,videoregister",7
"clocks,smartphone,smartphone",7
"smartphone,smartphone,clocks,clocks",7
"videoregister,smartphone",7
"washer,headphone",7
"smartphone,carriage",7
"washer,iron",7
"smartphone,water_heater",7
"hood,hood",7
"tablet,smartphone,smartphone",7
"refrigerators,tv",7
"tv,tv,tv,tv,tv,tv,washer",7
"headphone,smartphone,smartphone,smartphone",7
"clocks,clocks,clocks,clocks,clocks,clocks,clocks,smartphone,smartphone,smartphone,smartphone,smartphone,notebook,smartphone",7
"smartphone,tv,tv",7
"smartphone,smartphone,smartphone,smartphone,smartphone,smartphone,notebook,notebook,notebook,smartphone,smartphone,smartphone,smartphone",7
"smartphone,clocks,smartphone,smartphone",7
"clocks,clocks,clocks,clocks,clocks,clocks,headphone",7
"washer,microwave",7
"telephone,smartphone",6
"smartphone,smartphone,smartphone,smartphone,notebook",6
"smartphone,oven",6
"smartphone,smartphone,smartphone,tv,smartphone",6
"smartphone,smartphone,smartphone,notebook,notebook",6
"smartphone,sewing_machine",6
"smartphone,tv,smartphone",6
"smartphone,vacuum,vacuum",6
"headphone,headphone,headphone,headphone,headphone,clocks",6
"smartphone,smartphone,kettle",6
"tv,tv,tv,tv,tv,tv,tv,tv",6
"smartphone,smartphone,tv,smartphone",6
"smartphone,smartphone,keds",6
"smartphone,alarm",6
"smartphone,smartphone,smartphone,smartphone,tv",6
"shoes,smartphone,smartphone",6
"smartphone,smartphone,smartphone,smartphone,smartphone,smartphone,telephone",6
"vacuum,vacuum,vacuum,vacuum",6
"smartphone,vacuum,smartphone",6
"smartphone,smartphone,smartphone,smartphone,smartphone,tablet,smartphone",6
"washer,vacuum,vacuum,vacuum",6
"tv,tv,refrigerators,refrigerators",6
"smartphone,headphone,headphone,smartphone,smartphone,smartphone,smartphone,smartphone",6
"tablet,tv,tv,tv,tablet,tablet",6
"smartphone,smartphone,smartphone,smartphone,smartphone,sofa,smartphone",6
"air_conditioner,smartphone,smartphone,smartphone,smartphone,smartphone,air_conditioner,smartphone",6
"smartphone,tv,smartphone,smartphone",6
"oven,smartphone",6
"smartphone,smartphone,acoustic,tv,tv,tv",5
"headphone,headphone,headphone,headphone,headphone",5
"smartphone,drill",5
"smartphone,smartphone,smartphone,smartphone,smartphone,desktop",5
"smartphone,smartphone,smartphone,smartphone,smartphone,clocks",5
"smartphone,headphone,headphone,headphone",5
"tv,smartphone,tv,tv",5
"smartphone,smartphone,smartphone,smartphone,dolls,smartphone",5
"smartphone,smartphone,tv,tv,smartphone,tv,smartphone,smartphone,smartphone",5
"smartphone,smartphone,smartphone,washer,washer",5
"tablet,tablet,smartphone,smartphone,tablet",5
"tablet,tablet,tablet,smartphone,telephone,tv",5
"smartphone,smartphone,smartphone,washer",5
"smartphone,smartphone,washer,smartphone,smartphone,smartphone",5
"washer,washer,washer,smartphone",5
"smartphone,smartphone,smartphone,tablet,smartphone",5
"player,smartphone",5
"notebook,tablet",5
"smartphone,smartphone,headphone,headphone,headphone",5
"keds,smartphone",5
"notebook,tv",5
"smartphone,tablet,smartphone",5
"smartphone,notebook,smartphone",5
"tv,microwave,microwave,microwave,microwave",5
"tv,tv,smartphone,smartphone",5
"smartphone,smartphone,iron",5
"smartphone,smartphone,smartphone,smartphone,tablet",5
"smartphone,smartphone,refrigerators",5
"tv,tv,tv,tv,tv,tv,tv,tv,tv,tv,tv,tv,tv,tv,tv",5
"smartphone,tv,tv,smartphone,smartphone",5
"washer,washer,smartphone,smartphone",5
"desktop,monitor",5
"smartphone,subwoofer,smartphone",5
"smartphone,smartphone,smartphone,notebook,smartphone",5
"smartphone,smartphone,smartphone,telephone",5
"washer,tv,tv",5
"smartphone,smartphone,vacuum,vacuum",5
"smartphone,smartphone,smartphone,smartphone,smartphone,tv,smartphone",4
"refrigerators,smartphone,smartphone",4
"smartphone,smartphone,smartphone,smartphone,cabinet",4
"smartphone,headphone,headphone,smartphone,headphone",4
"tv,tv,headphone,headphone",4
"tablet,tablet,smartphone,smartphone,smartphone,smartphone",4
"tv,smartphone,smartphone,washer,smartphone,washer,water_heater",4
"telephone,smartphone,smartphone",4
"smartphone,notebook,notebook,smartphone",4
"tv,tv,washer,tv",4
"smartphone,toys",4
"smartphone,washer,smartphone,washer,refrigerators,refrigerators,refrigerators,smartphone,smartphone,washer",4
"smartphone,smartphone,smartphone,keds",4
"carriage,smartphone",4
"smartphone,smartphone,tv,smartphone,smartphone,smartphone",4
"headphone,vacuum",4
"clocks,clocks,clocks,smartphone,smartphone",4
"refrigerators,smartphone,refrigerators",4
"smartphone,smartphone,smartphone,headphone,headphone",4
"smartphone,smartphone,smartphone,tv,notebook,smartphone,smartphone,smartphone",4
"smartphone,smartphone,smartphone,smartphone,notebook,notebook",4
"smartphone,shoes,shoes,shoes,smartphone,smartphone,smartphone",4
"smartphone,smartphone,smartphone,smartphone,clocks,keds",4
"clocks,smartphone,smartphone,smartphone",4
"tv,tv,tv,notebook,smartphone",4
cartrige,4
"toys,smartphone,smartphone,smartphone,smartphone,smartphone,smartphone",4
"sewing_machine,smartphone",4
"tablet,smartphone,smartphone,smartphone",4
"tv,smartphone,tv",4
"tablet,tablet,notebook",4
"smartphone,desktop,smartphone,smartphone,smartphone,tv,vacuum",4
"meat_grinder,vacuum",4
"smartphone,monitor",4
"clocks,clocks,clocks,clocks,smartphone,smartphone",4
"tv,tv,tv,tv,tv,tv",4
"smartphone,costume",4
"smartphone,smartphone,smartphone,smartphone,smartphone,notebook",4
"washer,oven",4
"smartphone,smartphone,tv,tv,smartphone",4
"vacuum,refrigerators",4
"tv,acoustic",4
"refrigerators,refrigerators,smartphone",4
"smartphone,smartphone,sewing_machine",4
"smartphone,smartphone,smartphone,smartphone,shoes",4
"smartphone,smartphone,saw",4
"tv,tablet",4
"air_conditioner,air_conditioner",4
"headphone,smartphone,smartphone,headphone,smartphone,smartphone",4
"smartphone,smartphone,smartphone,keds,smartphone",4
"tv,washer,washer",4
"smartphone,smartphone,smartphone,smartphone,player",4
"refrigerators,refrigerators,refrigerators,refrigerators",4
"smartphone,washer,smartphone,vacuum",4
"smartphone,smartphone,smartphone,smartphone,smartphone,air_conditioner,tv,air_conditioner,tv",4
"clocks,clocks,headphone,headphone",4
"notebook,notebook,smartphone,smartphone",4
"smartphone,clocks,clocks,smartphone",4
"washer,washer,smartphone,smartphone,smartphone,smartphone,smartphone",4
"smartphone,tv,smartphone,smartphone,smartphone",4
"smartphone,smartphone,smartphone,smartphone,tv,smartphone",4
"headphone,headphone,headphone,headphone,headphone,headphone",4
"headphone,headphone,clocks",4
"refrigerators,washer,washer,washer",4
"smartphone,smartphone,smartphone,smartphone,mixer,mixer,mixer",4
"vacuum,vacuum,vacuum,vacuum,notebook",4
"smartphone,smartphone,vacuum,smartphone",4
"tv,tv,smartphone,smartphone,smartphone,smartphone,tv,tv",4
"smartphone,tv,tv,smartphone",4
"smartphone,smartphone,clocks,headphone",4
"tv,smartphone,smartphone,smartphone,smartphone,tv,smartphone",4
"refrigerators,refrigerators,refrigerators,washer",4
"meat_grinder,smartphone",4
"clocks,tv",4
"refrigerators,refrigerators,tv",3
"smartphone,welding",3
"smartphone,vacuum,tv",3
"bed,smartphone",3
"smartphone,bed",3
"vacuum,notebook",3
"smartphone,smartphone,smartphone,smartphone,smartphone,smartphone,smartphone,telephone,telephone,telephone,telephone",3
"vacuum,notebook,smartphone,smartphone,smartphone",3
"headphone,smartphone,smartphone,smartphone,smartphone",3
"clocks,smartphone,headphone",3
"smartphone,air_conditioner,tv,smartphone,smartphone,smartphone",3
"tv,tv,tv,clocks,clocks,smartphone",3
"kettle,smartphone",3
"smartphone,diapers",3
"smartphone,smartphone,smartphone,trousers,costume",3
"iron,vacuum",3
"smartphone,smartphone,telephone,telephone",3
"iron,smartphone",3
"tv,headphone,clocks",3
"washer,washer,washer,notebook",3
"tv,tv,washer,hair_cutter,tv,washer",3
"tv,refrigerators,smartphone",3
"clocks,clocks,smartphone,smartphone,smartphone,smartphone",3
"tv,smartphone,tv,smartphone,smartphone,smartphone",3
"smartphone,smartphone,smartphone,clocks,clocks,smartphone",3
"tv,tv,tv,refrigerators",3
"tablet,tablet,tablet,headphone",3
"vacuum,vacuum,tablet",3
"smartphone,smartphone,smartphone,radar",3
"smartphone,smartphone,meat_grinder",3
"washer,vacuum,vacuum",3
"tv,tv,smartphone,smartphone,smartphone,washer,washer",3
"water_heater,air_conditioner,refrigerators,washer",3
"smartphone,microwave,microwave",3
"notebook,notebook,smartphone,smartphone,smartphone,smartphone,notebook",3
"smartphone,telephone,telephone",3
"smartphone,smartphone,desktop",3
"tablet,tablet,iron,tablet",3
"vacuum,meat_grinder",3
"tv,tv,tv,water_heater,bed",3
"tv,washer,smartphone",3
"smartphone,smartphone,smartphone,notebook,notebook,notebook,notebook",3
"refrigerators,vacuum,refrigerators",3
"smartphone,smartphone,subwoofer",3
"meat_grinder,meat_grinder,mixer,microwave,microwave,smartphone",3
"smartphone,smartphone,smartphone,smartphone,clocks",3
"smartphone,smartphone,smartphone,oven",3
"smartphone,smartphone,tv,tv,smartphone,smartphone",3
"tv,subwoofer",3
"smartphone,washer,smartphone",3
"smartphone,smartphone,costume",3
"tablet,tablet,tablet,tablet,smartphone",3
"clocks,smartphone,smartphone,smartphone,smartphone,clocks,clocks",3
"videoregister,smartphone,smartphone",3
"refrigerators,refrigerators,refrigerators,refrigerators,refrigerators",3
"smartphone,saw",3
"air_conditioner,tv,smartphone,air_conditioner,tv,smartphone,air_conditioner,tv",3
"tv,tv,washer",3
"oven,vacuum",3
"washer,refrigerators,refrigerators",3
"smartphone,smartphone,smartphone,tv,player",3
"washer,washer,tv",3
"washer,washer,iron,washer",3
"microwave,hob,oven",3
"smartphone,refrigerators,refrigerators,refrigerators,refrigerators,smartphone,smartphone",3
"smartphone,bicycle",3
"smartphone,smartphone,vacuum,headphone",3
"smartphone,smartphone,notebook,notebook",3
"washer,washer,vacuum",3
"washer,refrigerators,tv",3
"tv,drill",3
"smartphone,smartphone,clocks,smartphone,smartphone",3
"smartphone,smartphone,smartphone,videoregister",3
"smartphone,telephone,smartphone",3
"tv,washer,tv,tv",3
"monitor,smartphone",3
"smartphone,notebook,notebook,smartphone,smartphone,smartphone",3
"oven,smartphone,smartphone,smartphone",3
"washer,washer,refrigerators,smartphone",3
"smartphone,smartphone,smartphone,tv,tv,tv,smartphone,smartphone",3
"refrigerators,tv,tv",3
"smartphone,tablet,smartphone,smartphone",3
"refrigerators,washer,washer,smartphone",3
"smartphone,smartphone,washer,washer,smartphone",3
"smartphone,smartphone,smartphone,smartphone,smartphone,smartphone,clocks",3
"smartphone,tv,smartphone,smartphone,headphone,headphone,headphone,headphone",3
"notebook,vacuum",3
"tablet,tablet,tablet,smartphone,smartphone,smartphone",3
"smartphone,headphone,headphone,smartphone,smartphone,smartphone",3
"headphone,clocks,clocks,clocks",3
"sofa,smartphone,smartphone,smartphone",3
"tv,vacuum,tv,tv",3
"smartphone,smartphone,smartphone,smartphone,smartphone,player",3
"washer,washer,tv,smartphone,smartphone,washer,washer",3
"oven,oven,oven",3
"blanket,monitor,monitor",2
"vacuum,refrigerators,washer",2
"refrigerators,washer,refrigerators,refrigerators,refrigerators,washer",2
"smartphone,smartphone,kettle,tv",2
"washer,drill",2
"vacuum,vacuum,microwave,microwave",2
"smartphone,smartphone,printer,printer",2
"videocards,monitor",2
"smartphone,smartphone,sewing_machine,washer",2
"smartphone,smartphone,projector",2
"smartphone,smartphone,toys,toys",2
"tv,iron,vacuum,ironing_board",2
"smartphone,headphone,headphone,headphone,headphone,headphone,mouse",2
"generator,microwave,generator,tv",2
"microwave,microwave,toys",2
"chair,vacuum,vacuum",2
"tv,tv,vacuum,vacuum",2
"headphone,tv,tv",2
"blender,vacuum,vacuum",2
"smartphone,smartphone,headphone,headphone,clocks",2
"vacuum,vacuum,washer,washer,refrigerators,refrigerators",2
"clocks,vacuum",2
"smartphone,tv,notebook",2
"smartphone,tv,monitor",2
"headphone,headphone,smartphone,smartphone",2
"tablet,tablet,telephone",2
"washer,smartphone,smartphone,refrigerators",2
"desktop,monitor,monitor",2
"diapers,smartphone",2
"smartphone,desktop,tv",2
"iron,vacuum,vacuum",2
"tv,smartphone,clocks,clocks",2
"smartphone,notebook,smartphone,smartphone,telephone",2
"refrigerators,microwave,tv",2
"smartphone,radar",2
"notebook,video,smartphone,smartphone",2
"hob,refrigerators",2
"washer,refrigerators,tv,vacuum,notebook,printer,notebook,smartphone",2
"washer,vacuum,washer",2
"grill,vacuum",2
"trainer,tv",2
"headphone,headphone,carriage,carriage,massager",2
"smartphone,refrigerators,tv",2
"shoes,smartphone",2
"smartphone,subwoofer,subwoofer,smartphone",2
"tv,tv,hair_cutter",2
"smartphone,smartphone,refrigerators,diapers,water_heater",2
"oven,vacuum,smartphone",2
"smartphone,smartphone,smartphone,smartphone,smartphone,smartphone,smartphone,smartphone,telephone",2
"headphone,tablet,smartphone",2
"smartphone,headphone,smartphone,smartphone",2
"tv,blender",2
"smartphone,smartphone,videoregister",2
"tablet,notebook",2
"smartphone,smartphone,smartphone,smartphone,smartphone,tv,tv,tv",2
"smartphone,smartphone,smartphone,smartphone,clocks,clocks,clocks",2
"notebook,tv,smartphone,tablet,smartphone,notebook",2
"smartphone,vacuum,washer",2
"washer,washer,iron",2
"microwave,smartphone,smartphone",2
"monitor,keyboard,monitor",2
"refrigerators,washer,tv",2
"smartphone,headphone,headphone,headphone,headphone,headphone,smartphone,clocks",2
"refrigerators,tablet,tablet",2
"smartphone,diapers,smartphone",2
"smartphone,smartphone,shoes",2
"notebook,refrigerators",2
"cabinet,smartphone",2
"refrigerators,air_conditioner,tv,smartphone,air_conditioner,refrigerators,smartphone",2
"smartphone,smartphone,microwave,vacuum,vacuum,vacuum",2
"tablet,headphone",2
"refrigerators,vacuum,vacuum",2
"tv,vacuum,microwave,air_heater",2
"bicycle,smartphone",2
"smartphone,mixer,smartphone",2
"smartphone,acoustic",2
"tv,tv,tv,vacuum,vacuum,vacuum,vacuum",2
"printer,tv",2
"blanket,smartphone,smartphone,headphone",2
"washer,mixer,mixer",2
"smartphone,scales,smartphone,smartphone",2
"smartphone,notebook,notebook",2
"smartphone,smartphone,blender",2
"clocks,clocks,smartphone,smartphone,clocks,clocks,clocks,clocks",2
"microwave,washer,smartphone,vacuum,smartphone",2
"water_heater,vacuum,smartphone",2
"player,smartphone,smartphone",2
"smartphone,iron,tv",2
"tv,water_heater",2
"monitor,monitor,monitor,monitor,monitor",2
"smartphone,tablet,tablet,tablet,tablet,monitor,smartphone,smartphone",2
"smartphone,keds,smartphone,smartphone",2
"microwave,washer,washer",2
"smartphone,telephone,smartphone,smartphone",2
"smartphone,air_conditioner,tv",2
"smartphone,microwave,blender",2
"clocks,subwoofer",2
"smartphone,smartphone,washer,desktop,desktop",2
"smartphone,smartphone,notebook,smartphone,smartphone",2
"refrigerators,tv,washer,washer",2
"smartphone,smartphone,smartphone,smartphone,kettle,kettle",2
"smartphone,tablet,tablet,desktop",2
"smartphone,smartphone,toys",2
"smartphone,smartphone,bed",2
"smartphone,smartphone,refrigerators,refrigerators,refrigerators,refrigerators",2
"tv,meat_grinder,meat_grinder,tv",2
"blender,vacuum,vacuum,microwave,microwave",2
"tv,smartphone,microwave",2
"headphone,headphone,bed",2
"smartphone,smartphone,smartphone,jeans",2
"notebook,smartphone,notebook,smartphone,smartphone,smartphone",2
"vacuum,clocks,smartphone",2
"desktop,desktop,smartphone,smartphone",2
"tv,tv,tv,tv,tv,tv,tv",2
"microwave,headphone",2
"oven,hob,hood",2
"vacuum,vacuum,tv",2
"washer,vacuum,kettle",2
"hdd,hdd,memory",2
"dolls,smartphone,smartphone,juicer,notebook",2
"microwave,oven,refrigerators",2
"washer,vacuum,microwave",2
"smartphone,printer",2
"vacuum,washer,microwave",2
"smartphone,cabinet",2
"vacuum,clocks",2
"smartphone,smartphone,water_heater",2
"tv,tv,cabinet,cabinet",2
"vacuum,vacuum,mixer,iron,iron,iron,sewing_machine,sewing_machine",2
"headphone,tablet",2
"smartphone,player,smartphone",2
"acoustic,acoustic",2
"tablet,tablet,telephone,telephone",2
"blender,smartphone",2
"smartphone,ironing_board",2
"smartphone,smartphone,washer,refrigerators,refrigerators,refrigerators,washer",2
"tv,grill",2
"tv,air_conditioner",2
"refrigerators,refrigerators,telephone",2
"smartphone,desktop,desktop",2
"smartphone,tablet,tablet,tablet,smartphone",2
"air_heater,smartphone",2
"notebook,tablet,smartphone",2
"smartphone,generator",2
"bicycle,bicycle,smartphone,smartphone",2
"tv,tv,washer,washer",2
"video,clocks,clocks",2
"tv,smartphone,smartphone,tv",2
"notebook,notebook,notebook,smartphone",2
"refrigerators,washer,dishwasher",2
"smartphone,smartphone,acoustic",2
"smartphone,smartphone,printer",2
"refrigerators,refrigerators,tv,tv,tv,vacuum,vacuum",2
"vacuum,water_heater",2
"monitor,monitor,monitor,monitor",2
"notebook,printer",2
"vacuum,vacuum,telephone",2
"headphone,tv",2
"refrigerators,headphone,headphone",2
"clocks,smartphone,smartphone,clocks",2
"air_conditioner,tv,tv",2
"meat_grinder,meat_grinder,tv,tv",2
"tv,microwave,blender,tv",2
"washer,washer,washer,washer,washer,washer,washer,washer,washer,washer,bed,bed,washer,washer",2
"washer,air_heater",2
"air_conditioner,tv,smartphone,smartphone",2
"tv,tv,hob",2
"smartphone,smartphone,smartphone,video,vacuum",2
"vacuum,sewing_machine",2
"smartphone,notebook,notebook,desktop,smartphone",2
"smartphone,iron,iron",2
"washer,player",2
"smartphone,vacuum,kettle",2
"water_heater,smartphone",2
"tablet,clocks",2
"tv,generator",2
"smartphone,smartphone,telephone,smartphone,smartphone",2
"vacuum,smartphone,smartphone,washer",2
"vacuum,headphone",2
"notebook,notebook,tv",2
"tv,smartphone,smartphone,smartphone,smartphone,smartphone,oven,oven",2
"tablet,telephone",2
"refrigerators,refrigerators,vacuum",2
"vacuum,blender",2
"smartphone,notebook,washer",2
"smartphone,sewing_machine,sewing_machine",2
"smartphone,smartphone,oven",2
"microwave,refrigerators,smartphone,refrigerators",2
"tv,washer,vacuum",2
"tv,microwave,smartphone",2
"washer,clocks",2
"smartphone,smartphone,smartphone,telephone,tablet",2
"washer,washer,vacuum,washer",2
"desktop,tv",2
"vacuum,welding,smartphone",2
"smartphone,smartphone,subwoofer,subwoofer",2
"headphone,smartphone,clocks,smartphone",2
"refrigerators,hob,washer,washer",2
"hood,microwave",2
"smartphone,smartphone,washer,washer",2
"vacuum,vacuum,sewing_machine,sewing_machine,vacuum,vacuum,vacuum",2
"iron,tv",2
"vacuum,vacuum,blender",2
"refrigerators,oven,hood,microwave,washer",2
"smartphone,drill,drill",2
"smartphone,smartphone,notebook,tablet",2
"kettle,vacuum",2
"refrigerators,microwave",2
"dishwasher,hob",2
"smartphone,washer,washer,smartphone,refrigerators,washer",1
"tablet,generator",1
"smartphone,smartphone,smartphone,telephone,telephone",1
"microwave,meat_grinder",1
"memory,memory",1
"smartphone,chair",1
"acoustic,smartphone",1
"smartphone,washer,tv",1
"tv,shoes",1
"notebook,notebook,telephone,smartphone,smartphone",1
"tablet,shoes",1
"desktop,tv,vacuum",1
"refrigerators,refrigerators,washer,smartphone,washer",1
"smartphone,headphone,clocks",1
"tv,tv,refrigerators",1
"printer,desktop",1
"refrigerators,smartphone,vacuum",1
"vacuum,kettle",1
"headphone,refrigerators",1
"smartphone,notebook,notebook,smartphone,headphone",1
"smartphone,player,player,smartphone",1
"meat_grinder,tv",1
"smartphone,kettle,kettle",1
"scales,vacuum",1
"headphone,subwoofer",1
"smartphone,saw,saw",1
"vacuum,vacuum,tv,headphone",1
"smartphone,blender,blender",1
"carriage,clocks",1
"smartphone,microphone",1
"tablet,videoregister,videoregister",1
"dishwasher,smartphone",1
"desktop,videocards,videocards,hdd",1
"smartphone,pillow",1
"hob,washer",1
"meat_grinder,meat_grinder,meat_grinder,saw,pump,pump,pump,pump,pump,generator,saw,saw,washer,washer",1
"meat_grinder,washer",1
"tablet,scales",1
"air_conditioner,tv,smartphone,air_conditioner",1
"notebook,smartphone,subwoofer",1
"refrigerators,tv,washer",1
"smartphone,smartphone,drill",1
"vacuum,player,vacuum",1
"bed,microwave",1
"drill,smartphone",1
"tv,tablet,headphone",1
"tv,tv,smartphone,telephone,telephone",1
"tablet,vacuum",1
"notebook,headphone",1
"sofa,smartphone",1
"bicycle,tv",1
"dishwasher,refrigerators",1
"smartphone,headphone,smartphone,smartphone,smartphone,smartphone,smartphone,subwoofer",1
"smartphone,meat_grinder,kettle",1
"tv,meat_grinder",1
"vacuum,desktop",1
"microwave,oven,hob",1
"smartphone,notebook,tablet,smartphone",1
"air_heater,tv",1
"tv,smartphone,notebook,sofa,clocks",1
"tv,video",1
"telephone,smartphone,telephone",1
"coffee_machine,tablet",1
"refrigerators,dishwasher",1
"sofa,vacuum,oven,washer,washer",1
"smartphone,notebook,notebook,notebook,notebook",1
"notebook,washer",1
"bicycle,bicycle,smartphone",1
"kettle,refrigerators",1
"desktop,desktop,monitor",1
"monitor,desktop",1
"vacuum,printer",1
"smartphone,desktop,headphone",1
"video,smartphone,video,video,video,video",1
"alarm,smartphone",1
"tv,smartphone,saw",1
"smartphone,smartphone,desktop,desktop",1
"refrigerators,washer,vacuum",1
"telephone,telephone,vacuum",1
"clocks,sewing_machine",1
"motherboard,hdd",1
"desktop,smartphone,videocards",1
"microwave,microwave,smartphone",1
"smartphone,smartphone,refrigerators,refrigerators,washer",1
"tv,tv,vacuum",1
"vacuum,microwave,juicer",1
"smartphone,vacuum,oven",1
"smartphone,telephone,notebook",1
"smartphone,juicer",1
"smartphone,subwoofer,air_conditioner,vacuum,tv",1
"tv,oven",1
"smartphone,smartphone,smartphone,bicycle,bicycle",1
"headphone,headphone,cartrige",1
"mixer,headphone,headphone",1
"cabinet,vacuum",1
"kettle,kettle,smartphone",1
"smartphone,vacuum,bed",1
"meat_grinder,smartphone,smartphone",1
"kettle,headphone",1
"ironing_board,smartphone",1
"vacuum,microphone",1
"smartphone,scales",1
"water_heater,tv",1
"refrigerators,refrigerators,hair_cutter",1
"vacuum,vacuum,oven",1
"clocks,air_heater",1
"air_conditioner,smartphone",1
"tablet,kettle",1
"washer,smartphone,printer",1
"tv,air_conditioner,notebook,smartphone,microwave",1
"vacuum,vacuum,iron",1
"tablet,printer",1
"clocks,videoregister",1
"tv,desktop",1
"faucet,faucet,vacuum,subwoofer",1
"compressor,smartphone",1
"headphone,headphone,smartphone",1
"refrigerators,faucet",1
"hob,tv,refrigerators",1
"blender,tablet",1
"tv,videoregister",1
"meat_grinder,tablet",1
"refrigerators,keds,smartphone",1
"smartphone,smartphone,video,smartphone,smartphone",1
"hob,air_conditioner",1
"smartphone,smartphone,subwoofer,alarm",1
"tablet,tablet,keds",1
"headphone,clocks,smartphone",1
"dishwasher,refrigerators,washer,oven",1
"tv,tv,smartphone,tv",1
"tablet,mixer",1
"kettle,microwave,meat_grinder",1
"hood,kettle,iron,vacuum,microwave",1
"ironing_board,chair,washer",1
"smartphone,toster",1
"tv,refrigerators,refrigerators",1
"kettle,vacuum,iron",1
"subwoofer,tv",1
"tv,tv,clocks,clocks",1
"headphone,clocks,clocks",1
"printer,vacuum",1
"washer,printer,washer",1
"tv,smartphone,bed,bed",1
"oven,hob",1
"vacuum,iron,iron,iron,iron",1
"smartphone,smartphone,tv,refrigerators",1
"clocks,telephone",1
"microwave,kettle,kettle",1
"tv,notebook,notebook,notebook,notebook",1
"hob,hob,hood,tv",1
"printer,notebook",1
"vacuum,smartphone,vacuum,vacuum",1
"tv,hob,washer",1
"meat_grinder,smartphone,notebook",1
"oven,microwave",1
"headphone,headphone,smartphone,smartphone,smartphone",1
"vacuum,kettle,ironing_board",1
"vacuum,iron,tv",1
"saw,washer",1
"tv,tv,tv,desktop,desktop,desktop",1
"smartphone,water_heater,microwave",1
"tv,chair",1
"smartphone,dishwasher,washer",1
"smartphone,microwave,vacuum",1
"smartphone,clocks,clocks,clocks",1
"videoregister,tv,tv,smartphone",1
"vacuum,player",1
"microwave,mixer",1
"tablet,tv,refrigerators",1
"washer,notebook",1
"juicer,oven,smartphone",1
"tv,microwave,videoregister,smartphone,refrigerators",1
"smartphone,microwave,toster",1
"smartphone,washer,refrigerators,refrigerators",1
"vacuum,vacuum,microwave,microwave,clocks",1
"smartphone,alarm,smartphone",1
"smartphone,smartphone,smartphone,acoustic,headphone",1
"vacuum,microwave,scales",1
"headphone,headphone,smartphone,telephone",1
"headphone,blender",1
"vacuum,iron,ironing_board",1
"notebook,tablet,notebook",1
"sewing_machine,tv",1
"smartphone,smartphone,smartphone,oven,oven",1
"desktop,desktop,smartphone",1
"vacuum,air_heater",1
"microwave,blender",1
"smartphone,notebook,notebook,smartphone,tv",1
"hob,oven,tv,washer",1
"shoes,shoes,shoes,tablet,notebook",1
"mixer,tv",1
"mixer,smartphone",1
"tablet,notebook,notebook",1
"shoes,vacuum",1
"smartphone,scales,scales",1
"washer,tv,tv,cabinet",1
"smartphone,clocks,wallet",1
"shoes,shoes,smartphone",1
"dishwasher,washer,dishwasher,meat_grinder",1
"smartphone,air_conditioner,tv,smartphone",1
"smartphone,smartphone,skates",1
"monitor,tv",1
"subwoofer,tv,tv",1
"smartphone,notebook,vacuum",1
"smartphone,tablet,costume",1
"washer,smartphone,tv",1
"hob,hood",1
"cpu,smartphone",1
"player,tv",1
"washer,oven,oven",1
"toster,vacuum",1
"videoregister,clocks",1
"notebook,notebook,notebook,headphone",1
"smartphone,tv,microwave",1
"washer,oven,smartphone",1
"smartphone,clocks,skates",1
"smartphone,mouse",1
"tv,player",1
"costume,smartphone",1
"smartphone,blender,telephone",1
"smartphone,smartphone,radar",1
"hob,tv",1
"clocks,smartphone,microwave",1
"kettle,smartphone,microwave",1
"vacuum,smartphone,smartphone,smartphone",1
"blender,clocks",1
"memory,memory,monitor",1
"refrigerators,notebook,vacuum,refrigerators",1
"tv,printer",1
"jeans,smartphone",1
"desktop,headphone",1
"headphone,ebooks",1
"tablet,tablet,toys",1
"refrigerators,microwave,washer,smartphone",1
"smartphone,smartphone,smartphone,bag",1
"generator,vacuum",1
"bed,vacuum,smartphone",1
"tv,tv,tv,tablet",1
"tv,smartphone,washer",1
"refrigerators,headphone",1
"washer,saw",1
"smartphone,telephone,headphone,headphone",1
"washer,kettle",1
"air_heater,vacuum",1
"smartphone,smartphone,telephone,smartphone,smartphone,smartphone,smartphone,telephone",1
"swing,smartphone,vacuum",1
"vacuum,iron,carriage",1
"water_heater,vacuum,vacuum",1
"trainer,smartphone",1
"vacuum,clocks,clocks",1
"sofa,tv",1
"meat_grinder,microwave",1
"tv,smartphone,notebook",1
"dishwasher,hood,oven",1
"smartphone,skates",1
"smartphone,smartphone,piano",1
"smartphone,oven,tv",1
"smartphone,underwear",1
"keds,smartphone,keds,keds",1
"refrigerators,iron",1
"printer,printer,smartphone",1
"washer,hood",1
"videoregister,keds,clocks",1
"tv,cabinet",1
"headphone,meat_grinder",1
"tablet,player,notebook",1
"tv,keds",1
"videoregister,videoregister,clocks",1
"smartphone,oven,oven",1
"meat_grinder,shoes,smartphone",1
"blender,blender,smartphone",1
"toster,smartphone",1
"notebook,smartphone,tv,smartphone",1
"videoregister,smartphone,videoregister,headphone",1
"radar,tv,radar",1
"refrigerators,smartphone,smartphone,dolls,clocks",1
"smartphone,notebook,microwave",1
"videocards,smartphone",1
"smartphone,subwoofer,subwoofer,player,subwoofer,shoes",1
"tablet,refrigerators",1
"smartphone,notebook,headphone,smartphone,tv,washer",1
"smartphone,refrigerators,washer",1
"notebook,smartphone,notebook",1
"tv,sewing_machine,smartphone",1
"smartphone,videoregister,videoregister",1
"coffee_machine,microwave,grill",1
"refrigerators,tablet",1
"washer,blender",1
"vacuum,washer,washer",1
"smartphone,chair,smartphone,smartphone",1
"welding,welding,smartphone",1
"monitor,monitor,monitor,memory,memory,memory,memory,memory",1
"dolls,smartphone",1
"tv,refrigerators,washer",1
"hob,hob",1
"headphone,headphone,smartphone,notebook,notebook,smartphone,smartphone,smartphone",1
"smartphone,washer,vacuum",1
"meat_grinder,refrigerators,vacuum",1
"smartphone,hair_cutter,hair_cutter,headphone",1
"refrigerators,tv,refrigerators",1
"notebook,clocks,notebook,notebook",1
"smartphone,massager",1
"tv,tablet,smartphone",1
"washer,washer,washer,washer,tv",1
"smartphone,blanket,blanket",1
"smartphone,smartphone,swing",1
"refrigerators,refrigerators,hood",1
"smartphone,tonometer",1
"notebook,smartphone,bag",1
"smartphone,piano",1
"smartphone,player,headphone",1
"smartphone,juicer,tablet",1
"smartphone,diapers,diapers,diapers,smartphone",1
"iron,iron,vacuum,notebook,notebook",1
"tv,power_supply",1
"smartphone,smartphone,smartphone,smartphone,telephone",1
"cabinet,tv",1
"telephone,tablet",1
"smartphone,smartphone,smartphone,smartphone,smartphone,meat_grinder",1
"shoes,clocks",1
"washer,printer",1
"tv,iron,drill,drill",1
"washer,air_heater,water_heater,smartphone,kettle",1
"smartphone,smartphone,bicycle",1
"smartphone,jeans,headphone",1
"photo,smartphone",1
"tv,sofa",1
"saw,smartphone",1
"tv,tv,notebook",1
"notebook,refrigerators,tv,microwave",1
"sewing_machine,vacuum",1
"smartphone,smartphone,alarm",1
"hob,microwave",1
"washer,scales",1
"motherboard,cpu,hdd",1
"washer,sofa",1
"tv,tv,iron",1
"smartphone,smartphone,notebook,notebook,smartphone",1
"subwoofer,bag,clocks",1
"smartphone,dolls",1
"vacuum,keds,shoes",1
"headphone,drill",1
"headphone,keds",1
"smartphone,videoregister,videoregister,player",1
"tv,air_heater",1
"notebook,notebook,tablet,tablet",1
"washer,washer,refrigerators",1
"washer,generator",1
"table,smartphone",1
"notebook,smartphone,tablet",1
"printer,smartphone,smartphone",1
"desktop,monitor,keyboard",1
"cpu,monitor,hdd,motherboard,power_supply",1
"smartphone,grill",1
"tv,bed",1
"water_heater,vacuum",1
"smartphone,headphone,desktop,desktop,monitor,monitor",1
"smartphone,smartphone,smartphone,headphone,headphone,smartphone",1
"water_heater,water_heater,water_heater,water_heater,water_heater,water_heater,water_heater,water_heater,water_heater,vacuum,water_heater,water_heater,water_heater,water_heater,water_heater,water_heater",1
"iron,vacuum,kettle",1
"meat_grinder,headphone",1
